Buena,Regular,Mala,Critica
0.107692308,0.892307692,0,0
0.105485232,0.767932489,0.126582278,0
0,0,0.171428571,0.828571429
0.412698413,0,0,0.587301587
