Buena,Regular,Mala,Critica
0.652173913,0.130434783,0.217391304,0
0.112149533,0.551401869,0.158878505,0.177570093
0,0.156626506,0.662650602,0.180722892
0.051724138,0.275862069,0.517241379,0.155172414
